Date,AAPL.O,MSFT.O,GOOGL.O,AMZN.O,TSLA.O,META.O,NVDA.O,JPM.N,V.N,UNH.N,.MIWO00000PUS
2025-05-30,200.85,460.36,171.74,205.01,346.46,647.49,135.13,264.0,365.19,301.91,3863.48
2025-06-02,201.7,461.97,169.03,206.65,342.69,670.9,137.38,264.66,365.32,304.72,3881.41
2025-06-03,203.27,462.97,166.18,205.71,344.27,666.85,141.22,266.27,365.86,301.22,3894.53
2025-06-04,202.82,463.87,168.05,207.23,332.05,687.95,141.92,264.22,368.0,300.38,3903.91
2025-06-05,200.63,467.68,168.21,207.91,284.7,684.62,139.99,261.95,366.77,295.84,3889.67
2025-06-06,203.92,470.38,173.68,213.57,295.14,697.71,141.72,265.73,370.22,303.22,3914.72
2025-06-09,201.45,472.75,176.09,216.98,308.58,694.06,142.63,266.74,366.66,303.19,3919.17
2025-06-10,202.67,470.92,178.6,217.61,326.09,702.4,143.96,268.6,370.7,303.79,3934.94
2025-06-11,198.78,472.62,177.35,213.2,326.43,694.14,142.83,268.15,373.31,310.56,3929.36
2025-06-12,199.2,478.87,175.7,213.24,319.11,693.36,145.0,268.24,371.4,318.5,3944.58
2025-06-13,196.45,474.96,174.67,212.1,325.31,682.87,141.97,264.95,352.85,313.53,3900.9
2025-06-16,198.42,479.14,176.77,216.1,329.13,702.12,144.69,270.36,355.48,307.66,3936.03
2025-06-17,195.64,478.04,175.95,214.82,316.35,697.23,144.12,269.52,357.84,308.87,3901.81
2025-06-18,196.58,480.24,173.32,212.52,322.05,695.77,145.48,273.96,340.38,307.2,3899.46
2025-06-19,,,,,,,,,,,3887.09
2025-06-20,201.0,477.4,166.64,209.69,322.16,682.35,143.85,275.0,338.57,302.01,3881.69
2025-06-23,201.5,486.0,165.19,208.47,348.68,698.53,144.17,278.27,343.75,300.68,3905.86
2025-06-24,200.3,490.11,166.77,212.77,340.47,712.2,147.9,281.26,351.63,305.62,3957.83
2025-06-25,201.56,492.27,170.68,211.99,327.55,708.68,154.31,284.06,345.26,302.02,3950.11
2025-06-26,201.0,497.45,173.54,217.12,325.78,726.09,155.02,288.75,346.03,302.62,3984.5
2025-06-27,201.08,495.94,178.53,223.3,323.63,733.63,157.75,287.11,348.61,309.11,4009.04
2025-06-30,205.17,497.41,176.23,219.39,317.66,738.09,157.99,289.91,355.05,311.97,4026.44
2025-07-01,207.82,492.05,175.84,220.46,300.71,719.22,153.3,290.41,355.47,326.14,4021.57
2025-07-02,212.44,491.09,178.64,219.92,315.65,713.57,157.25,292.0,354.22,307.56,4036.25
2025-07-03,213.55,498.84,179.53,223.41,315.35,719.01,159.34,296.0,358.86,308.55,4063.04
2025-07-04,,,,,,,,,,,4061.43
2025-07-07,209.95,497.72,176.79,223.47,293.94,718.35,158.24,291.97,356.64,303.71,4035.12
2025-07-08,210.01,496.62,174.36,219.36,297.81,720.67,160.0,282.78,354.55,307.7,4030.01
2025-07-09,211.14,503.51,176.62,222.54,295.88,732.78,162.88,283.16,357.76,302.91,4055.89
2025-07-10,212.41,501.48,177.62,222.26,309.87,727.24,164.1,288.19,355.88,299.51,4063.96
2025-07-11,211.16,503.32,180.19,225.02,313.51,717.51,164.92,286.86,347.93,304.1,4046.84
2025-07-14,208.62,503.02,181.56,225.69,316.9,720.92,164.07,288.7,350.5,300.58,4051.5
2025-07-15,209.11,505.82,182.0,226.35,310.78,710.39,170.7,286.55,347.02,291.71,4031.2
2025-07-16,210.16,505.62,182.97,223.19,321.67,702.91,171.37,285.82,349.9,292.49,4035.77
2025-07-17,210.02,511.7,183.58,223.88,319.41,701.41,173.0,289.9,349.81,288.07,4060.51
2025-07-18,211.18,510.05,185.06,226.13,329.65,704.28,172.41,291.27,349.05,282.65,4065.68
2025-07-21,212.48,510.06,190.1,229.3,328.49,712.965,171.38,290.97,350.94,282.14,4072.14
2025-07-22,214.4,505.27,191.34,227.47,332.11,704.81,167.03,291.43,351.86,285.13,4074.99
2025-07-23,214.15,505.87,190.23,228.29,332.56,713.58,170.78,296.76,355.29,292.51,4115.24
2025-07-24,213.76,510.88,192.17,232.23,305.3,714.8,173.74,296.55,353.97,278.58,4124.25
2025-07-25,213.88,513.71,193.18,231.44,316.06,712.68,173.5,298.62,357.04,281.06,4127.47
2025-07-28,214.05,512.5,192.58,232.79,325.59,717.63,176.75,298.28,355.47,282.12,4119.12
2025-07-29,211.27,512.57,195.75,231.01,321.2,700.0,175.51,297.04,351.29,261.07,4102.8
2025-07-30,209.05,513.24,196.53,230.19,319.04,695.21,179.27,299.63,350.91,266.04,4095.58
2025-07-31,207.57,533.5,191.9,234.11,308.27,773.44,177.87,296.24,345.47,249.56,4076.04
2025-08-01,202.38,524.11,189.13,214.75,302.63,750.01,173.72,289.37,339.35,237.77,4022.69
2025-08-04,203.35,535.64,195.04,211.65,309.26,776.37,180.0,294.26,342.15,240.98,4072.66
2025-08-05,202.92,527.75,194.67,213.75,308.72,763.46,178.26,291.37,337.43,251.0,4063.3
2025-08-06,213.25,524.94,196.09,222.31,319.91,771.99,179.42,291.35,339.74,245.78,4093.26
2025-08-07,220.03,520.84,196.52,223.13,322.27,761.83,180.77,286.94,332.09,244.67,4098.08
2025-08-08,229.35,522.04,201.42,222.69,329.65,769.3,182.7,288.76,336.78,250.89,4125.3
2025-08-11,227.18,521.77,201.0,221.3,339.03,765.87,182.06,289.56,335.9,252.37,4113.11
2025-08-12,229.65,529.24,203.34,221.47,340.84,790.0,183.16,292.85,336.74,261.57,4156.48
2025-08-13,233.33,520.58,201.96,224.56,339.38,780.08,181.59,290.53,342.55,271.81,4177.97
2025-08-14,232.78,522.48,202.94,230.98,335.58,782.13,182.02,294.16,345.49,271.49,4174.17
2025-08-15,231.59,520.17,203.9,231.03,330.56,785.23,180.45,290.49,344.47,304.01,4174.56
2025-08-18,230.89,517.1,203.5,231.49,335.16,767.37,182.01,291.53,342.74,308.49,4170.72
2025-08-19,230.56,509.77,201.57,228.01,329.31,751.48,175.64,290.66,342.45,304.24,4155.02
2025-08-20,226.01,505.72,199.32,223.81,323.9,747.72,175.4,292.24,343.93,299.84,4148.83
2025-08-21,224.9,504.24,199.75,221.95,320.11,739.1,174.98,291.47,343.69,303.35,4132.08
2025-08-22,227.76,507.23,206.09,228.84,340.01,754.79,177.99,296.24,350.04,307.42,4192.8
2025-08-25,227.16,504.26,208.49,227.94,346.6,753.3,179.81,294.9,348.82,304.86,4174.13
2025-08-26,229.31,502.04,207.14,228.71,351.67,754.1,181.77,298.57,351.18,300.43,4177.26
2025-08-27,230.49,506.74,207.48,229.12,349.6,747.38,181.6,299.28,350.35,303.88,4180.83
2025-08-28,232.56,509.64,211.64,231.6,345.98,751.11,180.17,301.07,349.86,302.29,4199.99
2025-08-29,232.14,506.69,212.91,229.0,333.87,738.7,174.18,301.42,351.78,309.87,4177.72
2025-09-01,,,,,,,,,,,4177.24
2025-09-02,229.72,505.12,211.35,225.34,329.36,735.11,170.78,299.7,350.07,308.8,4143.34
2025-09-03,238.47,505.35,230.66,225.99,334.09,737.05,170.62,299.51,350.87,307.88,4158.88
2025-09-04,239.78,507.97,232.3,235.68,338.53,748.65,171.66,303.82,350.99,310.38,4189.1
2025-09-05,239.69,495.0,235.0,232.33,350.84,752.45,167.02,294.38,343.22,315.39,4191.23
2025-09-08,237.88,498.2,234.04,235.84,346.4,752.3,168.31,292.91,342.3,320.25,4204.41
2025-09-09,234.35,498.41,239.63,238.24,346.97,765.7,170.76,297.85,343.99,347.92,4213.11
2025-09-10,226.79,500.37,239.17,230.33,347.79,751.98,177.33,300.54,338.12,346.78,4223.67
2025-09-11,230.03,501.01,240.37,229.95,368.81,750.9,177.17,305.56,343.49,353.61,4255.23
2025-09-12,234.07,509.9,240.8,228.15,395.94,755.59,177.82,306.91,339.43,352.51,4252.63
2025-09-15,236.7,515.36,251.61,231.43,410.04,764.7,177.75,308.9,339.05,347.89,4273.27
2025-09-16,238.15,509.04,251.16,234.05,421.62,779.0,174.88,309.19,340.03,339.78,4269.83
2025-09-17,238.99,510.02,249.53,231.62,425.86,775.715,170.29,311.75,346.2,341.61,4264.86
2025-09-18,237.88,508.45,252.03,231.23,416.85,780.25,176.24,313.23,338.18,334.82,4279.34
2025-09-19,245.5,517.93,254.72,231.48,426.07,778.38,176.67,314.78,341.61,336.69,4293.85
2025-09-22,256.08,514.45,252.53,227.63,434.21,765.16,183.61,312.44,344.36,341.3,4309.23
2025-09-23,254.43,509.23,251.66,220.71,425.85,755.4,178.43,312.74,338.7,347.69,4293.66
2025-09-24,252.31,510.15,247.14,220.21,442.79,760.66,176.97,313.42,338.68,351.81,4277.35
2025-09-25,256.87,507.03,245.79,218.15,423.39,748.91,177.69,313.45,334.93,345.56,4252.35
2025-09-26,255.46,511.46,246.54,219.78,440.4,743.75,178.19,316.06,337.37,344.08,4276.23
2025-09-29,254.43,514.6,244.05,222.17,443.21,743.4,181.85,315.69,340.16,345.18,4288.36
2025-09-30,254.63,517.95,243.1,219.57,444.72,734.38,186.58,315.43,341.38,345.3,4306.7
2025-10-01,255.45,519.71,244.9,220.63,459.46,717.34,187.24,310.71,347.83,348.3,4322.7
2025-10-02,257.13,515.74,245.69,222.41,436.0,727.05,188.89,307.55,345.95,353.72,4327.49
2025-10-03,258.02,517.35,245.35,219.51,429.83,710.56,187.62,310.03,349.84,360.2,4337.29
2025-10-06,256.69,528.57,250.43,220.9,453.25,715.66,185.54,309.18,349.28,358.77,4351.88
2025-10-07,256.48,523.98,245.76,221.78,433.09,713.08,185.04,307.69,352.42,363.66,4331.48
2025-10-08,258.06,524.85,244.62,225.22,438.69,717.84,189.11,304.03,351.36,369.92,4352.18
2025-10-09,254.04,522.4,241.53,227.74,435.54,733.51,192.57,305.53,347.04,367.69,4337.78
2025-10-10,245.27,510.96,236.57,216.37,413.49,705.3,183.16,300.89,343.65,354.5,4237.72
2025-10-13,247.66,514.05,244.15,220.07,435.9,715.7,188.32,307.97,343.3,358.66,4285.8
2025-10-14,247.77,513.57,245.45,216.39,429.24,708.65,180.03,302.08,348.38,359.93,4277.74
2025-10-15,249.34,513.43,251.03,215.57,435.15,717.55,179.83,305.69,345.69,361.15,4302.27
2025-10-16,247.45,511.61,251.46,214.47,428.75,712.07,181.81,298.54,335.4,356.67,4292.08
2025-10-17,252.29,513.58,253.3,213.04,439.31,716.915,183.22,297.56,341.89,356.6,4296.41
2025-10-20,262.24,516.79,256.55,216.48,447.43,732.17,182.64,302.36,344.41,364.48,4345.79
2025-10-21,262.77,517.66,250.46,222.03,442.6,733.27,181.16,297.09,347.21,365.37,4341.53
2025-10-22,258.45,520.54,251.69,217.95,438.97,733.41,180.28,294.11,345.36,361.49,4322.93
2025-10-23,259.58,520.56,253.08,221.09,448.98,734.0,182.16,294.54,345.96,360.45,4343.58
2025-10-24,262.82,523.61,259.92,224.21,433.72,738.36,186.26,300.44,347.38,362.5,4371.27
2025-10-27,268.81,531.52,269.27,226.97,452.42,750.82,191.49,304.15,347.82,365.98,4418.66
2025-10-28,269.0,542.07,267.47,229.25,460.55,751.44,201.03,305.36,346.9,367.84,4426.07
2025-10-29,269.7,541.55,274.57,230.3,461.51,751.67,207.04,305.51,341.28,355.26,4424.84
2025-10-30,271.4,525.76,281.48,222.86,440.1,666.47,202.89,309.44,345.03,344.75,4381.34
2025-10-31,270.37,517.81,281.19,244.22,456.56,648.35,202.49,311.12,340.74,341.56,4390.42
2025-11-03,269.05,517.03,283.72,254.0,468.37,637.71,206.88,309.35,336.9,333.79,4394.91
2025-11-04,270.04,514.33,277.54,249.32,444.26,627.32,198.69,309.25,340.3,330.83,4347.45
2025-11-05,270.14,507.16,284.31,250.2,462.07,635.95,195.21,311.68,340.04,327.74,4356.69
2025-11-06,269.77,497.1,284.75,243.04,445.91,618.94,188.08,313.42,336.96,321.56,4323.7
2025-11-07,268.47,496.82,278.83,244.41,429.52,621.71,188.15,314.21,336.02,324.21,4325.03
2025-11-10,269.43,506.0,290.1,248.4,445.23,631.76,199.05,316.89,334.85,321.58,4384.77
2025-11-11,275.25,508.68,291.31,249.1,439.62,627.08,193.16,315.62,338.92,327.45,4404.49
2025-11-12,273.47,511.14,286.71,244.2,430.6,609.01,193.8,320.41,338.88,339.06,4415.24
2025-11-13,272.95,503.29,278.57,237.58,401.99,609.89,186.86,309.48,336.08,332.52,4357.5
2025-11-14,272.41,510.18,276.41,234.69,404.35,609.46,190.17,303.61,330.02,321.86,4343.64
2025-11-17,267.46,507.49,285.02,232.87,408.92,602.01,186.6,300.37,325.75,320.52,4305.44
2025-11-18,267.44,493.79,284.28,222.55,401.25,597.69,181.36,299.41,321.18,313.58,4257.67
2025-11-19,268.56,487.12,292.81,222.69,403.99,590.32,186.52,303.27,324.12,309.09,4264.13
2025-11-20,266.25,478.43,289.45,217.14,395.23,589.15,180.64,298.38,323.77,311.54,4217.24
2025-11-21,271.49,472.12,299.66,220.69,391.09,594.25,178.88,298.02,327.98,319.97,4242.67
2025-11-24,275.92,474.0,318.58,226.28,417.78,613.05,182.55,298.0,329.3,319.05,4296.12
2025-11-25,276.97,476.99,323.44,229.67,419.4,636.22,177.82,303.0,334.53,326.28,4334.46
2025-11-26,277.55,485.5,319.95,229.16,426.58,633.61,180.26,307.64,333.79,329.71,4372.48
2025-11-27,,,,,,,,,,,4375.31
2025-11-28,278.85,492.01,320.18,233.22,430.17,647.95,177.0,313.08,334.44,329.77,4398.44
2025-12-01,283.1,486.74,314.89,233.88,430.14,640.87,179.92,308.92,330.39,323.21,4378.36
2025-12-02,286.19,490.0,315.81,234.42,429.24,647.1,181.46,307.88,329.62,324.54,4385.76
2025-12-03,284.15,477.73,319.63,232.38,446.74,639.6,179.59,312.13,329.61,339.71,4402.44
2025-12-04,280.7,480.84,317.62,229.11,454.53,661.53,183.38,316.1,327.1,333.49,4418.46
2025-12-05,278.78,483.16,321.27,229.53,455.0,673.42,182.41,315.04,331.24,330.91,4418.63
2025-12-08,277.89,491.02,313.72,226.89,439.58,666.8,185.55,315.21,326.84,323.62,4405.03
2025-12-09,277.18,492.02,317.08,227.92,445.17,656.96,184.97,300.51,326.5,323.6,4400.15
2025-12-10,278.78,478.56,320.21,231.78,451.45,650.13,183.78,310.11,325.73,328.37,4424.74
2025-12-11,278.03,483.47,312.43,230.28,446.89,652.71,180.93,317.38,345.63,336.73,4444.32
2025-12-12,278.28,478.53,309.29,226.19,458.96,644.23,175.02,318.52,347.83,341.84,4407.82
2025-12-15,274.11,474.82,308.22,222.54,475.31,647.51,176.29,320.02,346.89,341.1,4408.6
2025-12-16,274.61,476.39,306.57,222.56,489.88,657.15,177.72,315.55,345.11,334.2,4392.75
2025-12-17,271.84,476.12,296.72,221.27,467.26,649.5,170.94,314.98,344.41,331.63,4352.02
2025-12-18,272.19,483.98,302.46,226.76,483.37,664.45,174.14,313.0,346.01,328.14,4382.41
2025-12-19,273.67,485.92,307.16,227.35,481.2,658.77,180.99,317.21,349.25,327.42,4413.79
2025-12-22,270.97,484.92,309.78,228.43,488.73,661.5,183.69,323.09,352.09,325.16,4442.65
2025-12-23,272.36,486.85,314.35,232.14,485.56,664.94,189.21,325.93,353.38,324.8,4463.97
2025-12-24,273.81,488.02,314.09,232.38,485.4,667.55,188.61,329.17,355.14,327.58,4474.2
2025-12-25,,,,,,,,,,,4474.59
2025-12-26,273.4,487.71,313.51,232.52,475.19,663.29,190.53,327.91,355.0,331.83,4473.23
2025-12-29,273.76,487.1,313.56,232.07,459.64,658.69,188.22,323.75,354.61,328.94,4461.19
2025-12-30,273.08,487.48,313.85,232.53,454.43,665.95,187.54,323.42,353.62,332.16,4458.28
2025-12-31,271.86,483.62,313.0,230.82,449.72,660.09,186.5,322.22,350.71,330.11,4430.38
2026-01-01,,,,,,,,,,,4430.58
2026-01-02,271.01,472.94,315.15,226.5,438.07,650.41,188.85,325.48,346.48,336.4,4445.21
2026-01-05,267.26,472.85,316.54,233.06,451.67,658.79,188.12,334.04,353.8,342.02,4477.92
2026-01-06,262.36,478.51,314.34,240.93,432.96,660.62,187.24,334.61,357.56,348.97,4506.64
2026-01-07,260.33,483.47,321.98,241.56,431.41,648.69,189.11,326.99,355.88,341.7,4490.24
2026-01-08,259.04,478.11,325.44,246.29,435.8,646.06,185.04,329.79,352.23,346.85,4484.29
2026-01-09,259.37,479.28,328.57,247.38,445.01,653.06,184.86,329.19,349.77,343.98,4511.01
2026-01-12,260.25,477.18,331.86,246.47,448.96,641.97,184.94,324.49,343.2,340.51,4522.4
2026-01-13,261.05,470.67,335.97,242.6,447.2,631.09,185.81,310.9,327.88,333.93,4519.08
2026-01-14,259.96,459.38,335.84,236.65,439.2,615.52,183.14,307.87,329.17,334.96,4508.85
2026-01-15,258.21,456.66,332.78,238.18,438.57,620.8,187.05,309.26,327.75,338.96,4518.15
2026-01-16,255.53,459.86,330.0,239.12,437.5,620.25,186.23,312.47,328.3,331.02,4515.28
2026-01-19,,,,,,,,,,,4509.41
2026-01-20,246.7,454.52,322.0,231.0,419.25,604.12,178.07,302.74,325.82,338.43,4438.23
2026-01-21,247.65,444.11,328.38,231.31,431.44,612.96,183.32,302.04,325.28,347.75,4469.6
2026-01-22,248.35,451.14,330.54,234.34,449.36,647.63,184.84,303.63,326.36,354.47,4500.06
2026-01-23,248.04,465.95,327.93,239.16,449.06,658.76,187.67,297.72,326.18,356.26,4505.18
2026-01-26,255.41,470.28,333.26,238.42,435.2,672.36,186.47,301.04,328.49,351.64,4534.47
2026-01-27,258.27,480.58,334.55,244.68,430.9,672.97,188.52,300.31,325.26,282.7,4560.73
2026-01-28,256.44,481.63,336.01,243.01,431.46,668.73,191.52,300.77,326.98,294.02,4552.76
2026-01-29,258.28,433.5,338.25,241.73,416.56,738.31,192.51,306.42,331.8,292.29,4546.29
2026-01-30,259.48,430.29,338.0,239.3,430.41,716.5,191.13,305.89,321.83,286.93,4527.59
2026-02-02,270.01,423.37,343.69,242.96,421.81,706.41,185.61,308.14,333.84,285.59,4538.49
2026-02-03,269.48,411.21,339.71,238.62,421.96,691.7,180.34,314.85,328.93,284.18,4523.15
2026-02-04,276.49,414.19,333.04,232.99,406.01,668.99,174.19,317.27,329.95,275.92,4505.15
2026-02-05,275.91,393.67,331.25,222.69,397.21,670.21,171.88,310.16,329.13,268.55,4452.13
2026-02-06,278.12,401.14,322.86,210.32,411.11,661.46,185.41,322.4,331.58,276.65,4528.99
2026-02-09,274.62,413.6,324.32,208.72,417.32,677.22,190.04,322.1,325.58,275.7,4570.79
2026-02-10,273.68,413.27,318.58,206.96,425.21,670.72,188.54,318.28,328.17,273.22,4570.51
2026-02-11,275.5,404.37,310.96,204.08,428.27,668.69,190.05,310.82,329.24,278.91,4568.94
2026-02-12,261.73,401.84,309.0,199.6,417.07,649.81,186.94,302.64,324.18,284.37,4515.82
2026-02-13,255.78,401.32,305.72,198.79,417.44,639.77,182.81,302.55,314.08,293.19,4509.69
2026-02-16,,,,,,,,,,,4508.07
2026-02-17,263.88,396.86,302.02,201.15,410.63,639.29,184.97,307.13,319.5,289.09,4507.95
2026-02-18,264.35,399.6,303.33,204.79,411.32,643.22,187.98,308.78,320.3,288.2,4541.48
2026-02-19,260.58,398.46,302.85,204.86,411.71,644.78,187.9,308.05,318.93,289.93,4528.33
2026-02-20,264.58,397.23,314.98,210.11,411.82,655.66,189.82,310.79,320.95,290.0,4555.11
2026-02-23,266.18,384.47,311.49,205.27,399.83,637.25,191.55,297.67,306.52,282.34,4517.31
2026-02-24,272.14,389.0,310.9,208.56,409.38,639.3,192.85,297.3,307.22,273.95,4540.38
2026-02-25,274.23,400.6,312.9,210.64,417.4,653.69,195.56,303.3,312.99,284.2,4578.08
2026-02-26,272.95,401.72,307.38,207.92,408.58,657.01,184.89,306.13,316.7,286.66,4565.87
2026-02-27,264.18,392.74,311.76,210.0,402.51,648.18,177.19,300.3,320.14,293.27,4556.79
2026-03-02,264.72,398.55,306.52,208.39,403.32,653.56,182.48,297.56,320.51,294.93,4532.5
2026-03-03,263.75,403.93,303.58,208.73,392.43,655.08,180.05,300.26,320.83,289.21,4456.84
2026-03-04,262.52,405.2,303.13,216.82,405.94,667.73,183.04,299.39,320.47,291.96,4487.45
2026-03-05,260.29,410.68,300.88,218.94,405.55,660.57,183.34,293.55,319.8,288.77,4458.16
2026-03-06,257.46,408.96,298.52,213.21,396.73,644.86,177.82,289.48,317.36,286.48,4407.04
2026-03-09,259.88,409.41,306.36,213.49,398.68,647.39,182.65,289.92,315.97,285.17,4417.8
2026-03-10,260.83,405.76,307.04,214.33,399.235,654.07,184.77,288.73,314.43,282.34,4438.01
2026-03-11,260.81,404.88,308.7,212.65,407.82,654.86,186.03,287.52,308.96,285.25,4426.04
2026-03-12,255.76,401.86,303.55,209.53,395.01,638.18,183.14,282.89,306.5,277.05,4362.71
2026-03-13,250.12,395.55,302.28,207.67,391.2,613.71,180.25,283.44,307.14,282.09,4329.54
2026-03-16,252.82,399.95,305.56,211.74,395.56,627.45,183.22,286.16,310.11,285.49,4369.53
2026-03-17,254.23,399.41,310.92,215.2,399.27,622.66,181.93,286.89,308.46,287.57,4387.33
2026-03-18,249.94,391.79,307.69,209.87,392.78,615.68,180.4,287.74,299.02,284.33,4341.48
2026-03-19,248.96,389.02,307.13,208.76,380.3,606.7,178.56,287.97,299.71,280.44,4307.01
2026-03-20,247.99,381.87,301.0,205.37,367.96,593.66,172.7,286.56,301.62,275.59,4244.09
2026-03-23,251.49,383.0,302.06,210.14,380.85,604.06,175.64,289.91,304.44,269.54,4278.67
2026-03-24,251.64,372.74,290.44,207.24,383.03,592.92,175.2,292.4,303.76,272.28,4273.8
2026-03-25,252.62,371.04,290.93,211.71,385.95,594.89,178.68,295.42,304.91,270.55,4309.89
2026-03-26,252.89,365.97,280.92,207.54,372.11,547.54,171.24,291.66,305.53,268.05,4241.31
2026-03-27,248.8,356.77,274.34,199.34,361.83,525.72,167.52,282.84,295.52,259.02,4180.83
2026-03-30,246.63,358.96,273.5,200.95,355.28,536.38,165.17,283.77,299.54,261.79,4163.77
2026-03-31,253.79,370.17,287.56,208.27,371.75,572.13,174.4,294.16,302.24,270.59,4258.31
2026-04-01,255.63,369.37,297.39,210.57,381.26,579.23,175.75,295.38,298.51,273.98,4321.91
2026-04-02,255.92,373.46,295.77,209.77,360.59,574.46,177.39,294.6,300.8,277.26,4313.61
2026-04-03,,,,,,,,,,,4316.09
2026-04-06,258.86,372.88,299.99,212.79,352.82,573.02,177.64,295.45,303.33,281.36,4329.54
2026-04-07,253.5,372.29,305.46,213.77,346.65,575.05,178.1,297.4,302.55,307.73,4327.93
2026-04-08,258.9,374.33,317.32,221.25,343.25,612.42,182.08,307.97,308.96,305.98,4458.39
2026-04-09,260.49,373.07,318.49,233.65,345.62,628.39,183.91,310.33,308.29,306.91,4470.41
2026-04-10,260.48,370.87,317.24,238.38,348.95,629.86,188.63,309.87,304.36,304.33,4473.96
2026-04-13,259.2,384.37,321.31,239.89,352.42,634.53,189.31,313.68,309.39,313.0,4503.84
2026-04-14,258.83,393.11,332.91,249.02,364.2,662.49,196.51,311.12,311.37,314.19,4563.68
2026-04-15,266.43,411.22,337.12,248.5,391.95,671.58,198.87,305.93,315.91,314.05,4587.93
2026-04-16,263.4,420.26,336.02,249.7,388.9,676.87,198.35,309.95,315.1,316.4,4595.65
2026-04-17,270.23,422.79,341.68,250.56,400.62,688.55,201.68,310.29,317.02,324.63,4650.4
2026-04-20,273.05,418.07,337.42,248.28,392.5,670.91,202.06,316.99,313.94,323.48,4635.56
2026-04-21,266.17,424.16,332.29,249.91,386.42,668.84,199.88,313.0,309.94,346.01,4602.53
2026-04-22,273.17,432.92,339.32,255.36,387.51,674.72,202.5,313.02,311.29,353.52,4629.58
2026-04-23,273.43,415.75,338.89,255.08,373.72,659.15,199.64,311.69,308.88,354.56,4613.01
2026-04-24,271.06,424.62,344.4,263.99,376.3,675.03,208.27,308.28,309.42,354.92,4632.83
2026-04-27,267.61,424.82,350.34,261.12,378.67,678.62,216.61,311.63,309.65,354.69,4638.77
2026-04-28,270.71,429.25,349.78,259.7,376.02,671.34,213.17,311.45,309.3,366.77,4614.35
2026-04-29,270.17,424.46,349.94,263.04,372.8,669.12,209.25,309.25,334.86,370.74,4606.78
2026-04-30,271.35,407.78,384.8,265.06,381.63,611.91,199.57,313.23,329.84,370.48,4660.7
2026-05-01,280.14,414.44,385.69,268.26,390.82,608.745,198.45,312.47,328.03,368.78,4674.25
2026-05-04,276.83,413.62,383.25,272.05,392.51,610.41,198.48,307.65,326.85,370.75,4647.1
2026-05-05,284.18,411.38,388.43,273.55,389.37,604.96,196.5,309.4,322.03,363.87,4676.86
2026-05-06,287.51,413.96,398.04,274.99,398.73,612.88,207.83,314.9,318.8,367.28,4753.71
2026-05-07,287.44,420.77,397.99,271.17,411.79,616.81,211.5,306.27,321.28,369.74,4740.91
2026-05-08,293.32,415.12,400.8,272.68,428.35,609.63,215.2,302.1,318.79,379.98,4757.3
2026-05-11,292.68,412.66,388.64,268.99,445.0,598.86,219.44,300.0,323.86,384.44,4765.42
2026-05-12,294.8,407.77,387.35,265.82,433.45,603.0,220.78,304.88,326.42,396.39,4750.8
2026-05-13,298.87,405.21,402.62,270.13,445.27,616.63,225.83,300.25,320.31,401.16,4777.74
2026-05-14,298.21,409.43,401.07,267.22,443.3,618.43,235.74,299.91,322.52,399.09,4806.35
2026-05-15,300.23,421.92,396.78,264.14,422.24,614.23,225.32,297.81,325.75,393.85,4741.61
2026-05-18,297.84,423.54,396.94,264.86,409.99,611.21,222.32,300.73,332.64,391.13,4739.86
2026-05-19,298.97,417.42,387.66,259.34,404.11,602.61,220.61,295.7,329.91,389.24,4717.73
2026-05-20,302.25,421.06,388.91,265.01,417.26,605.06,223.47,301.98,330.75,383.3,4766.67
2026-05-21,304.99,419.09,387.66,268.46,417.85,607.38,219.51,303.0,331.12,382.48,4777.49
2026-05-22,308.82,418.57,382.97,266.32,426.01,610.26,215.33,306.38,328.88,388.47,4801.11
2026-05-25,,,,,,,,,,,4818.68
2026-05-26,308.33,416.03,388.88,265.29,433.59,612.34,214.86,306.74,326.48,376.86,4831.2
2026-05-27,310.85,412.67,388.83,271.85,440.36,635.255,212.6,299.28,327.61,384.01,4828.11
2026-05-28,312.51,426.99,390.13,274.0,442.1,635.29,214.25,296.73,324.95,382.53,4845.74
2026-05-29,312.06,450.24,380.34,270.64,435.79,632.51,211.14,299.31,326.36,380.31,4864.59
